PitchNo,Date,PAofInning,PitchofPA,Pitcher,PitcherThrows,Batter,BatterSide,Outs,Balls,Strikes,TaggedPitchType,PitchCall,RelSpeed,PlayResult,TaggedHitType
1,2026/7/11,1,1,岡村,Right,井櫻,Left,0,0,0,Fastball,BallCalled,135,,
2,2026/7/11,1,2,岡村,Right,井櫻,Left,0,1,0,Fastball,StrikeCalled,135,,
3,2026/7/11,1,3,岡村,Right,井櫻,Left,0,1,1,Fastball,InPlay,136,Out,FlyBall
4,2026/7/11,2,1,岡村,Right,吉田壮,Left,1,0,0,Fastball,StrikeCalled,137,,
5,2026/7/11,2,2,岡村,Right,吉田壮,Left,1,0,1,Fastball,BallCalled,137,,
6,2026/7/11,2,3,岡村,Right,吉田壮,Left,1,1,1,Fastball,InPlay,137,Single,GroundBall
7,2026/7/11,3,1,岡村,Right,尾形,Left,1,0,0,Fastball,BallCalled,137,,
8,2026/7/11,3,2,岡村,Right,尾形,Left,1,1,0,ChangeUp,InPlay,124,Single,LineDrive
9,2026/7/11,4,1,岡村,Right,大平,Right,1,0,0,Cutter,BallCalled,119,,
10,2026/7/11,4,2,岡村,Right,大平,Right,1,1,0,Fastball,BallCalled,130,,
11,2026/7/11,4,3,岡村,Right,大平,Right,1,2,0,ChangeUp,BallCalled,125,,
12,2026/7/11,4,4,岡村,Right,大平,Right,1,3,0,Fastball,BallCalled,133,Walk,
13,2026/7/11,5,1,岡村,Right,髙橋海,Right,1,0,0,Cutter,StrikeSwinging,,,
14,2026/7/11,5,2,岡村,Right,髙橋海,Right,1,0,1,Cutter,StrikeCalled,121,,
15,2026/7/11,5,3,岡村,Right,髙橋海,Right,1,0,2,Fastball,BallCalled,135,,
16,2026/7/11,5,4,岡村,Right,髙橋海,Right,1,1,2,Fastball,BallCalled,135,,
17,2026/7/11,5,5,岡村,Right,髙橋海,Right,1,2,2,ChangeUp,InPlay,121,Double,LineDrive
18,2026/7/11,6,1,岡村,Right,中村俊,Left,1,0,0,Fastball,BallCalled,135,,
19,2026/7/11,6,2,岡村,Right,中村俊,Left,1,1,0,Fastball,StrikeCalled,135,,
20,2026/7/11,6,3,岡村,Right,中村俊,Left,1,1,1,Cutter,InPlay,124,Out,FlyBall
21,2026/7/11,7,1,岡村,Right,片岡,Left,2,0,0,ChangeUp,StrikeCalled,118,,
22,2026/7/11,7,2,岡村,Right,片岡,Left,2,0,1,ChangeUp,StrikeCalled,123,,
23,2026/7/11,7,3,岡村,Right,片岡,Left,2,0,2,ChangeUp,BallCalled,123,,
24,2026/7/11,7,4,岡村,Right,片岡,Left,2,1,2,Curveball,InPlay,109,Double,LineDrive
25,2026/7/11,8,1,岡村,Right,渡邊康,Right,2,0,0,Cutter,FoulBallFieldable,118,,
26,2026/7/11,8,2,岡村,Right,渡邊康,Right,2,0,1,Fastball,BallCalled,132,,
27,2026/7/11,8,3,岡村,Right,渡邊康,Right,2,1,1,Cutter,BallCalled,115,,
28,2026/7/11,8,4,岡村,Right,渡邊康,Right,2,2,1,Cutter,InPlay,120,Single,LineDrive
1,2026/7/11,1,1,安田,Right,阿部,Left,0,0,0,Fastball,InPlay,135,Out,GroundBall
2,2026/7/11,2,1,安田,Right,山根,Right,1,0,0,Fastball,StrikeCalled,136,,
3,2026/7/11,2,2,安田,Right,山根,Right,1,0,1,Fastball,BallCalled,137,,
4,2026/7/11,2,3,安田,Right,山根,Right,1,1,1,TwoSeamFastball,InPlay,127,Out,FlyBall
5,2026/7/11,3,1,安田,Right,川尻,Right,2,0,0,Curveball,BallCalled,106,,
6,2026/7/11,3,2,安田,Right,川尻,Right,2,1,0,TwoSeamFastball,BallCalled,,,
7,2026/7/11,3,3,安田,Right,川尻,Right,2,2,0,ChangeUp,BallCalled,,,
8,2026/7/11,3,4,安田,Right,川尻,Right,2,3,0,Cutter,StrikeSwinging,128,,
9,2026/7/11,3,5,安田,Right,川尻,Right,2,3,1,Curveball,InPlay,107,Out,GroundBall
1,2026/7/11,1,1,岡村,Right,箭原,Left,0,0,0,ChangeUp,FoulBallFieldable,125,,
2,2026/7/11,1,2,岡村,Right,箭原,Left,0,0,1,Curveball,BallCalled,108,,
3,2026/7/11,1,3,岡村,Right,箭原,Left,0,1,1,Fastball,FoulBallFieldable,135,,
4,2026/7/11,1,4,岡村,Right,箭原,Left,0,1,2,ChangeUp,BallCalled,122,,
5,2026/7/11,1,5,岡村,Right,箭原,Left,0,2,2,Fastball,BallCalled,126,,
6,2026/7/11,1,6,岡村,Right,箭原,Left,0,3,2,Fastball,InPlay,,Out,LineDrive
7,2026/7/11,2,1,岡村,Right,井櫻,Left,1,0,0,Cutter,BallCalled,125,,
8,2026/7/11,2,2,岡村,Right,井櫻,Left,1,1,0,Cutter,InPlay,125,Out,FlyBall
9,2026/7/11,3,1,岡村,Right,吉田壮,Left,2,0,0,Fastball,StrikeCalled,,,
10,2026/7/11,3,2,岡村,Right,吉田壮,Left,2,0,1,ChangeUp,StrikeSwinging,121,,
11,2026/7/11,3,3,岡村,Right,吉田壮,Left,2,0,2,ChangeUp,BallCalled,121,,
12,2026/7/11,3,4,岡村,Right,吉田壮,Left,2,1,2,ChangeUp,BallCalled,122,,
13,2026/7/11,3,5,岡村,Right,吉田壮,Left,2,2,2,Fastball,InPlay,136,Single,GroundBall
14,2026/7/11,4,1,岡村,Right,尾形,Left,2,0,0,ChangeUp,BallCalled,125,,
15,2026/7/11,4,2,岡村,Right,尾形,Left,2,1,0,ChangeUp,BallCalled,125,,
16,2026/7/11,4,3,岡村,Right,尾形,Left,2,2,0,Fastball,InPlay,,Out,GroundBall
1,2026/7/11,1,1,安田,Right,寺尾,Right,0,0,0,TwoSeamFastball,InPlay,125,HomeRun,
2,2026/7/11,2,1,安田,Right,大越,Right,0,0,0,Curveball,StrikeCalled,115,,
3,2026/7/11,2,2,安田,Right,大越,Right,0,0,1,Fastball,StrikeCalled,,,
4,2026/7/11,2,3,安田,Right,大越,Right,0,0,2,Fastball,FoulBallFieldable,130,,
5,2026/7/11,2,4,安田,Right,大越,Right,0,0,2,Fastball,BallCalled,135,,
6,2026/7/11,2,5,安田,Right,大越,Right,0,1,2,TwoSeamFastball,InPlay,,Double,FlyBall
7,2026/7/11,3,1,安田,Right,三戸,Left,0,0,0,TwoSeamFastball,FoulBallFieldable,,,
8,2026/7/11,3,2,安田,Right,三戸,Left,0,0,1,Fastball,InPlay,134,Out,FlyBall
9,2026/7/11,4,1,安田,Right,永田,Right,1,0,0,Fastball,InPlay,133,Double,FlyBall
10,2026/7/11,5,1,安田,Right,大内,Left,1,0,0,Fastball,BallCalled,,,
11,2026/7/11,5,2,安田,Right,大内,Left,1,1,0,Fastball,FoulBallFieldable,136,,
12,2026/7/11,5,3,安田,Right,大内,Left,1,1,1,Fastball,InPlay,136,Out,GroundBall
13,2026/7/11,6,1,安田,Right,坂口,Right,2,0,0,ChangeUp,StrikeSwinging,112,,
14,2026/7/11,6,2,安田,Right,坂口,Right,2,0,1,ChangeUp,FoulBallFieldable,109,,
15,2026/7/11,6,3,安田,Right,坂口,Right,2,0,2,Curveball,BallCalled,103,,
16,2026/7/11,6,4,安田,Right,坂口,Right,2,1,2,Fastball,BallCalled,135,,
17,2026/7/11,6,5,安田,Right,坂口,Right,2,2,2,TwoSeamFastball,FoulBallFieldable,,,
18,2026/7/11,6,6,安田,Right,坂口,Right,2,2,2,Fastball,StrikeSwinging,134,Strikeout,
1,2026/7/11,1,1,岡村,Right,大平,Right,0,0,0,Cutter,InPlay,119,Out,GroundBall
2,2026/7/11,2,1,岡村,Right,髙橋海,Right,1,0,0,Fastball,StrikeCalled,132,,
3,2026/7/11,2,2,岡村,Right,髙橋海,Right,1,0,1,Cutter,BallCalled,121,,
4,2026/7/11,2,3,岡村,Right,髙橋海,Right,1,1,1,Fastball,InPlay,135,Out,FlyBall
5,2026/7/11,3,1,岡村,Right,中村俊,Left,2,0,0,Curveball,StrikeCalled,108,,
6,2026/7/11,3,2,岡村,Right,中村俊,Left,2,0,1,ChangeUp,StrikeSwinging,122,,
7,2026/7/11,3,3,岡村,Right,中村俊,Left,2,0,2,ChangeUp,BallCalled,123,,
8,2026/7/11,3,4,岡村,Right,中村俊,Left,2,1,2,Cutter,InPlay,123,Out,GroundBall
1,2026/7/11,1,1,安田,Right,阿部,Left,0,0,0,TwoSeamFastball,BallCalled,121,,
2,2026/7/11,1,2,安田,Right,阿部,Left,0,1,0,TwoSeamFastball,StrikeSwinging,118,,
3,2026/7/11,1,3,安田,Right,阿部,Left,0,1,1,Fastball,InPlay,,Out,GroundBall
4,2026/7/11,2,1,安田,Right,山根,Right,1,0,0,TwoSeamFastball,FoulBallFieldable,120,,
5,2026/7/11,2,2,安田,Right,山根,Right,1,0,1,Fastball,BallCalled,,,
6,2026/7/11,2,3,安田,Right,山根,Right,1,1,1,Cutter,InPlay,127,Out,FlyBall
7,2026/7/11,3,1,安田,Right,川尻,Right,2,0,0,Fastball,StrikeCalled,140,,
8,2026/7/11,3,2,安田,Right,川尻,Right,2,0,1,Fastball,BallCalled,131,,
9,2026/7/11,3,3,安田,Right,川尻,Right,2,1,1,TwoSeamFastball,StrikeCalled,114,,
10,2026/7/11,3,4,安田,Right,川尻,Right,2,1,2,TwoSeamFastball,FoulBallFieldable,,,
11,2026/7/11,3,5,安田,Right,川尻,Right,2,1,2,Fastball,FoulBallFieldable,136,,
12,2026/7/11,3,6,安田,Right,川尻,Right,2,1,2,Fastball,StrikeSwinging,140,Strikeout,
1,2026/7/11,1,1,岡村,Right,片岡,Right,0,0,0,Cutter,StrikeCalled,122,,
2,2026/7/11,1,2,岡村,Right,片岡,Left,0,0,1,Fastball,StrikeSwinging,134,,
3,2026/7/11,1,3,岡村,Right,片岡,Left,0,0,2,Fastball,BallCalled,137,,
4,2026/7/11,1,4,岡村,Right,片岡,Left,0,1,2,Fastball,BallCalled,136,,
5,2026/7/11,1,5,岡村,Right,片岡,Left,0,2,2,ChangeUp,FoulBallFieldable,123,,
6,2026/7/11,1,6,岡村,Right,片岡,Left,0,2,2,Cutter,StrikeCalled,123,Strikeout,
7,2026/7/11,2,1,岡村,Right,渡邊康,Right,1,0,0,Fastball,BallCalled,,,
8,2026/7/11,2,2,岡村,Right,渡邊康,Right,1,1,0,Curveball,BallCalled,104,,
9,2026/7/11,2,3,岡村,Right,渡邊康,Right,1,2,0,ChangeUp,StrikeSwinging,,,
10,2026/7/11,2,4,岡村,Right,渡邊康,Right,1,2,1,Cutter,BallCalled,126,,
11,2026/7/11,2,5,岡村,Right,渡邊康,Right,1,3,1,Slider,StrikeCalled,116,,
12,2026/7/11,2,6,岡村,Right,渡邊康,Right,1,3,2,Slider,FoulBallFieldable,115,,
13,2026/7/11,2,7,岡村,Right,渡邊康,Right,1,3,2,Cutter,InPlay,,Out,FlyBall
14,2026/7/11,3,1,岡村,Right,箭原,Left,2,0,0,ChangeUp,BallCalled,124,,
15,2026/7/11,3,2,岡村,Right,箭原,Left,2,1,0,ChangeUp,StrikeCalled,124,,
16,2026/7/11,3,3,岡村,Right,箭原,Left,2,1,1,Fastball,FoulBallFieldable,134,,
17,2026/7/11,3,4,岡村,Right,箭原,Left,2,1,2,Fastball,BallCalled,136,,
18,2026/7/11,3,5,岡村,Right,箭原,Left,2,2,2,Cutter,InPlay,125,Out,GroundBall
1,2026/7/11,1,1,安田,Right,寺尾,Right,0,0,0,Cutter,BallCalled,105,,
2,2026/7/11,1,2,安田,Right,寺尾,Right,0,1,0,TwoSeamFastball,StrikeCalled,113,,
3,2026/7/11,1,3,安田,Right,寺尾,Right,0,1,1,TwoSeamFastball,FoulBallFieldable,125,,
4,2026/7/11,1,4,安田,Right,寺尾,Right,0,1,2,Fastball,BallCalled,133,,
5,2026/7/11,1,5,安田,Right,寺尾,Right,0,2,2,TwoSeamFastball,FoulBallFieldable,116,,
6,2026/7/11,1,6,安田,Right,寺尾,Right,0,2,2,Curveball,InPlay,,Out,FlyBall
7,2026/7/11,2,1,安田,Right,大越,Right,1,0,0,Cutter,BallCalled,121,,
8,2026/7/11,2,2,安田,Right,大越,Right,1,1,0,Fastball,InPlay,130,Out,FlyBall
9,2026/7/11,3,1,安田,Right,三戸,Left,2,0,0,Fastball,BallCalled,137,,
10,2026/7/11,3,2,安田,Right,三戸,Left,2,1,0,TwoSeamFastball,StrikeCalled,118,,
11,2026/7/11,3,3,安田,Right,三戸,Left,2,1,1,ChangeUp,BallCalled,103,,
12,2026/7/11,3,4,安田,Right,三戸,Left,2,2,1,Curveball,BallCalled,,,
13,2026/7/11,3,5,安田,Right,三戸,Left,2,3,1,TwoSeamFastball,StrikeCalled,116,,
14,2026/7/11,3,6,安田,Right,三戸,Left,2,3,2,Fastball,InPlay,130,Out,FlyBall
1,2026/7/11,1,1,岡村,Right,井櫻,Left,0,0,0,Curveball,StrikeCalled,107,,
2,2026/7/11,1,2,岡村,Right,井櫻,Left,0,0,1,ChangeUp,BallCalled,119,,
3,2026/7/11,1,3,岡村,Right,井櫻,Left,0,1,1,Cutter,BallCalled,,,
4,2026/7/11,1,4,岡村,Right,井櫻,Left,0,2,1,ChangeUp,BallCalled,123,,
5,2026/7/11,1,5,岡村,Right,井櫻,Left,0,3,1,Cutter,FoulBallFieldable,,,
6,2026/7/11,1,6,岡村,Right,井櫻,Left,0,3,2,Fastball,InPlay,129,Double,FlyBall
7,2026/7/11,2,1,岡村,Right,吉田壮,Left,0,0,0,Cutter,FoulBallFieldable,124,,
8,2026/7/11,2,2,岡村,Right,吉田壮,Left,0,0,1,Fastball,BallCalled,134,,
9,2026/7/11,2,3,岡村,Right,吉田壮,Left,0,1,1,ChangeUp,InPlay,123,Sacrifice,
10,2026/7/11,3,1,岡村,Right,尾形,Left,1,0,0,Fastball,BallCalled,136,,
11,2026/7/11,3,2,岡村,Right,尾形,Left,1,1,0,Fastball,BallCalled,135,,
12,2026/7/11,3,3,岡村,Right,尾形,Left,1,2,0,ChangeUp,StrikeSwinging,124,,
13,2026/7/11,3,4,岡村,Right,尾形,Left,1,2,1,ChangeUp,BallCalled,124,,
14,2026/7/11,3,5,岡村,Right,尾形,Left,1,3,1,Fastball,InPlay,137,Double,LineDrive
15,2026/7/11,4,1,岡村,Right,大平,Right,1,0,0,ChangeUp,InPlay,118,HomeRun,
16,2026/7/11,5,1,岡村,Right,寺尾,Right,1,0,0,Curveball,InPlay,108,Out,LineDrive
17,2026/7/11,6,1,岡村,Right,中村俊,Left,2,0,0,Fastball,StrikeCalled,138,,
18,2026/7/11,6,2,岡村,Right,中村俊,Left,2,0,1,Curveball,FoulBallFieldable,109,,
19,2026/7/11,6,3,岡村,Right,中村俊,Left,2,0,2,Fastball,BallCalled,135,,
20,2026/7/11,6,4,岡村,Right,中村俊,Left,2,1,2,ChangeUp,InPlay,,Out,FlyBall
1,2026/7/11,1,1,安田,Right,永田,Right,0,0,0,TwoSeamFastball,StrikeCalled,112,,
2,2026/7/11,1,2,安田,Right,永田,Right,0,0,1,ChangeUp,BallCalled,94,,
3,2026/7/11,1,3,安田,Right,永田,Right,0,1,1,TwoSeamFastball,InPlay,,Out,GroundBall
4,2026/7/11,2,1,安田,Right,大内,Left,1,0,0,Fastball,FoulBallFieldable,133,,
5,2026/7/11,2,2,安田,Right,大内,Left,1,0,1,ChangeUp,BallCalled,110,,
6,2026/7/11,2,3,安田,Right,大内,Left,1,1,1,Fastball,BallCalled,,,
7,2026/7/11,2,4,安田,Right,大内,Left,1,2,1,Fastball,BallCalled,,,
8,2026/7/11,2,5,安田,Right,大内,Left,1,3,1,TwoSeamFastball,StrikeCalled,118,,
9,2026/7/11,2,6,安田,Right,大内,Left,1,3,2,TwoSeamFastball,StrikeSwinging,118,Strikeout,
10,2026/7/11,3,1,安田,Right,坂口,Right,2,0,0,TwoSeamFastball,InPlay,121,Single,LineDrive
11,2026/7/11,4,1,安田,Right,阿部,Left,2,0,0,TwoSeamFastball,BallCalled,,,
12,2026/7/11,4,2,安田,Right,阿部,Left,2,1,0,TwoSeamFastball,BallCalled,120,,
13,2026/7/11,4,3,安田,Right,阿部,Left,2,2,0,TwoSeamFastball,BallCalled,,,
14,2026/7/11,4,4,安田,Right,阿部,Left,2,3,0,Fastball,FoulBallFieldable,,,
15,2026/7/11,4,5,安田,Right,阿部,Left,2,3,1,TwoSeamFastball,InPlay,115,Out,FlyBall
1,2026/7/11,1,1,岡村,Right,片岡,Left,0,0,0,Fastball,BallCalled,,,
2,2026/7/11,1,2,岡村,Right,片岡,Left,0,1,0,Curveball,InPlay,108,Out,FlyBall
3,2026/7/11,2,1,岡村,Right,渡邊康,Right,1,0,0,Curveball,StrikeSwinging,106,,
4,2026/7/11,2,2,岡村,Right,渡邊康,Right,2,0,1,Curveball,BallCalled,107,,
5,2026/7/11,2,3,岡村,Right,渡邊康,Right,2,1,1,Cutter,FoulBallFieldable,,,
6,2026/7/11,2,4,岡村,Right,渡邊康,Right,2,1,2,ChangeUp,BallCalled,115,,
7,2026/7/11,2,5,岡村,Right,渡邊康,Right,2,2,2,Cutter,InPlay,119,Single,GroundBall
8,2026/7/11,3,1,岡村,Right,箭原,Left,2,0,0,Fastball,BallCalled,134,,
9,2026/7/11,3,2,岡村,Right,箭原,Left,2,1,0,Fastball,StrikeCalled,134,,
10,2026/7/11,3,3,岡村,Right,箭原,Left,2,1,1,Fastball,BallCalled,134,,
11,2026/7/11,3,4,岡村,Right,箭原,Left,2,2,1,Cutter,InPlay,124,Out,LineDrive
12,2026/7/11,1,1,岡村,Right,井櫻,Left,0,0,0,Curveball,BallCalled,,,
13,2026/7/11,1,2,岡村,Right,井櫻,Left,0,1,0,Curveball,StrikeCalled,108,,
14,2026/7/11,1,3,岡村,Right,井櫻,Left,0,1,1,Fastball,BallCalled,134,,
15,2026/7/11,1,4,岡村,Right,井櫻,Left,0,2,1,Cutter,StrikeCalled,122,,
16,2026/7/11,1,5,岡村,Right,井櫻,Left,0,2,2,Curveball,FoulBallFieldable,108,,
17,2026/7/11,1,6,岡村,Right,井櫻,Left,0,2,2,Fastball,StrikeSwinging,136,Strikeout,
1,2026/7/11,1,1,安田,Right,山根,Right,0,0,0,Curveball,FoulBallFieldable,107,,
2,2026/7/11,1,2,安田,Right,山根,Right,0,0,1,ChangeUp,StrikeCalled,99,,
3,2026/7/11,1,3,安田,Right,山根,Right,0,0,2,Fastball,InPlay,131,Out,GroundBall
4,2026/7/11,2,1,安田,Right,川尻,Right,1,0,0,ChangeUp,BallCalled,,,
5,2026/7/11,2,2,安田,Right,川尻,Right,1,1,0,Fastball,StrikeCalled,,,
6,2026/7/11,2,3,安田,Right,川尻,Right,1,1,1,Curveball,BallCalled,,,
7,2026/7/11,2,4,安田,Right,川尻,Right,1,2,1,TwoSeamFastball,BallCalled,118,,
8,2026/7/11,2,5,安田,Right,川尻,Right,1,3,1,ChangeUp,BallCalled,111,Walk,
9,2026/7/11,3,1,安田,Right,寺尾,Right,1,0,0,TwoSeamFastball,BallCalled,,,
10,2026/7/11,3,2,安田,Right,寺尾,Right,1,1,0,ChangeUp,FoulBallFieldable,111,,
11,2026/7/11,3,3,安田,Right,寺尾,Right,1,1,1,Fastball,BallCalled,,,
12,2026/7/11,3,4,安田,Right,寺尾,Right,1,2,1,Fastball,BallCalled,127,,
13,2026/7/11,3,5,安田,Right,寺尾,Right,1,3,1,TwoSeamFastball,BallCalled,,Walk,
14,2026/7/11,4,1,安田,Right,大越,Right,1,0,0,Fastball,BallCalled,,,
15,2026/7/11,4,2,安田,Right,大越,Right,1,1,0,ChangeUp,StrikeCalled,111,,
16,2026/7/11,4,3,安田,Right,大越,Right,1,1,1,TwoSeamFastball,FoulBallFieldable,117,,
17,2026/7/11,4,4,安田,Right,大越,Right,1,1,2,ChangeUp,BallCalled,105,,
18,2026/7/11,4,5,安田,Right,大越,Right,1,2,2,TwoSeamFastball,InPlay,113,Out,
19,2026/7/11,5,1,安田,Right,三戸,Left,2,0,0,Fastball,StrikeCalled,132,,
20,2026/7/11,5,2,安田,Right,三戸,Left,2,0,1,TwoSeamFastball,InPlay,121,Triple,
21,2026/7/11,6,1,安田,Right,永田,Right,2,0,0,Fastball,InPlay,,Sacrifice,
1,2026/7/11,1,1,岡村,Right,吉田壮,Left,0,0,0,Curveball,StrikeCalled,105,,
2,2026/7/11,1,2,岡村,Right,吉田壮,Left,0,0,1,ChangeUp,BallCalled,121,,
3,2026/7/11,1,3,岡村,Right,吉田壮,Left,0,1,1,Curveball,InPlay,108,Out,FlyBall
4,2026/7/11,2,1,岡村,Right,尾形,Left,1,0,0,Cutter,BallCalled,124,,
5,2026/7/11,2,2,岡村,Right,尾形,Left,1,1,0,Cutter,BallCalled,,,
6,2026/7/11,2,3,岡村,Right,尾形,Left,1,2,0,Cutter,BallCalled,123,,
7,2026/7/11,2,4,岡村,Right,尾形,Left,1,3,0,Fastball,StrikeSwinging,,,
8,2026/7/11,2,5,岡村,Right,尾形,Left,1,3,1,Curveball,InPlay,109,Single,LineDrive
9,2026/7/11,3,1,岡村,Right,大平,Right,1,0,0,Fastball,StrikeCalled,127,,
10,2026/7/11,3,2,岡村,Right,大平,Right,1,0,1,ChangeUp,FoulBallFieldable,118,,
11,2026/7/11,3,3,岡村,Right,大平,Right,1,0,2,Fastball,BallCalled,,,
12,2026/7/11,3,4,岡村,Right,大平,Right,1,1,2,Cutter,InPlay,,Out,FlyBall
13,2026/7/11,4,1,岡村,Right,髙橋海,Right,2,0,0,Cutter,BallCalled,,,
14,2026/7/11,4,2,岡村,Right,髙橋海,Right,2,1,0,Cutter,BallCalled,,,
15,2026/7/11,4,3,岡村,Right,髙橋海,Right,2,2,0,Fastball,StrikeCalled,,,
16,2026/7/11,4,4,岡村,Right,髙橋海,Right,2,2,1,Fastball,BallCalled,128,,
17,2026/7/11,4,5,岡村,Right,髙橋海,Right,2,3,1,Cutter,FoulBallFieldable,,,
18,2026/7/11,4,6,岡村,Right,髙橋海,Right,2,3,2,Cutter,InPlay,,Double,LineDrive
19,2026/7/11,5,1,岡村,Right,中村俊,Left,2,0,0,Cutter,BallCalled,121,,
20,2026/7/11,5,2,岡村,Right,中村俊,Left,2,1,0,ChangeUp,BallCalled,124,,
21,2026/7/11,5,3,岡村,Right,中村俊,Left,2,2,0,Cutter,InPlay,,Double,LineDrive
1,2026/7/11,1,1,松本宗,Right,片岡,Left,2,0,0,Fastball,FoulBallFieldable,139,,
2,2026/7/11,1,2,松本宗,Right,片岡,Left,2,0,1,Fastball,BallCalled,138,,
3,2026/7/11,1,3,松本宗,Right,片岡,Left,2,1,1,Fastball,BallCalled,,,
4,2026/7/11,1,4,松本宗,Right,片岡,Left,2,2,1,Splitter,InPlay,122,Out,FlyBall
1,2026/7/11,1,1,安田,Right,大内,Left,0,0,0,ChangeUp,StrikeCalled,109,,
2,2026/7/11,1,2,安田,Right,大内,Left,0,0,1,Curveball,BallCalled,105,,
3,2026/7/11,1,3,安田,Right,大内,Left,0,1,1,TwoSeamFastball,BallCalled,119,,
4,2026/7/11,1,4,安田,Right,大内,Left,0,2,1,TwoSeamFastball,BallCalled,115,,
5,2026/7/11,1,5,安田,Right,大内,Left,0,3,1,Fastball,BallCalled,133,Walk,
6,2026/7/11,2,1,安田,Right,坂口,Right,0,0,0,Fastball,BallCalled,131,,
7,2026/7/11,2,2,安田,Right,坂口,Right,0,1,0,Fastball,FoulBallFieldable,131,,
8,2026/7/11,2,3,安田,Right,坂口,Right,0,1,1,Fastball,InPlay,130,Single,LineDrive
9,2026/7/11,3,1,安田,Right,阿部,Left,0,0,0,TwoSeamFastball,BallCalled,117,,
10,2026/7/11,3,2,安田,Right,阿部,Left,0,1,0,TwoSeamFastball,StrikeCalled,115,,
11,2026/7/11,3,3,安田,Right,阿部,Left,0,1,1,TwoSeamFastball,BallCalled,115,,
12,2026/7/11,3,4,安田,Right,阿部,Left,0,2,1,Fastball,StrikeCalled,128,,
13,2026/7/11,3,5,安田,Right,阿部,Left,0,2,2,TwoSeamFastball,InPlay,118,Out,FlyBall
14,2026/7/11,4,1,安田,Right,山根,Right,1,0,0,Fastball,FoulBallFieldable,136,,
15,2026/7/11,4,2,安田,Right,山根,Right,1,0,1,TwoSeamFastball,FoulBallFieldable,118,,
16,2026/7/11,4,3,安田,Right,山根,Right,1,0,2,Fastball,BallCalled,136,,
17,2026/7/11,4,4,安田,Right,山根,Right,1,1,2,Fastball,FoulBallFieldable,135,,
18,2026/7/11,4,5,安田,Right,山根,Right,1,1,2,TwoSeamFastball,BallCalled,118,,
19,2026/7/11,4,6,安田,Right,山根,Right,1,2,2,Fastball,InPlay,133,Out,FlyBall
20,2026/7/11,5,1,安田,Right,川尻,Right,2,0,0,TwoSeamFastball,BallCalled,118,,
21,2026/7/11,5,2,安田,Right,川尻,Right,2,1,0,Fastball,BallCalled,130,,
22,2026/7/11,5,3,安田,Right,川尻,Right,2,2,0,Fastball,BallCalled,137,,
23,2026/7/11,5,4,安田,Right,川尻,Right,2,3,0,TwoSeamFastball,InPlay,115,Out,GroundBall
1,2026/7/11,1,1,松本宗,Right,渡邊康,Right,0,0,0,Fastball,BallCalled,137,,
2,2026/7/11,1,2,松本宗,Right,渡邊康,Right,0,1,0,Fastball,BallCalled,138,,
3,2026/7/11,1,3,松本宗,Right,渡邊康,Right,0,2,0,Fastball,InPlay,137,Triple,GroundBall
4,2026/7/11,2,1,松本宗,Right,箭原,Left,0,0,0,Cutter,FoulBallFieldable,127,,
5,2026/7/11,2,2,松本宗,Right,箭原,Left,0,0,1,Fastball,BallCalled,136,,
6,2026/7/11,2,3,松本宗,Right,箭原,Left,0,1,1,Cutter,BallCalled,124,,
7,2026/7/11,2,4,松本宗,Right,箭原,Left,0,2,1,Fastball,InPlay,137,Single,GroundBall
8,2026/7/11,3,1,松本宗,Right,井櫻,Left,0,0,0,Fastball,BallCalled,135,,
9,2026/7/11,3,2,松本宗,Right,井櫻,Left,0,1,0,Cutter,BallCalled,126,,
10,2026/7/11,3,3,松本宗,Right,井櫻,Left,0,2,0,Slider,InPlay,116,Triple,LineDrive
11,2026/7/11,4,1,松本宗,Right,吉田壮,Left,0,0,0,Slider,BallCalled,,,
12,2026/7/11,4,2,松本宗,Right,吉田壮,Left,0,1,0,Fastball,StrikeSwinging,137,,
13,2026/7/11,4,3,松本宗,Right,吉田壮,Left,0,1,1,Splitter,BallCalled,,,
14,2026/7/11,4,4,松本宗,Right,吉田壮,Left,0,2,1,Splitter,BallCalled,,,
15,2026/7/11,4,5,松本宗,Right,吉田壮,Left,0,3,1,Splitter,BallCalled,126,Walk,
16,2026/7/11,5,1,松本宗,Right,尾形,Left,0,0,0,Fastball,InPlay,137,Double,LineDrive
17,2026/7/11,6,1,松本宗,Right,大平,Right,0,0,0,Fastball,InPlay,137,Single,GroundBall
18,2026/7/11,7,1,松本宗,Right,永田,Right,0,0,0,Splitter,InPlay,126,Out,FlyBall
19,2026/7/11,8,1,松本宗,Right,中村俊,Left,1,0,0,Fastball,BallCalled,131,,
20,2026/7/11,8,2,松本宗,Right,中村俊,Left,1,1,0,Fastball,BallCalled,128,,
21,2026/7/11,8,3,松本宗,Right,中村俊,Left,1,2,0,Fastball,BallCalled,,,
22,2026/7/11,8,4,松本宗,Right,中村俊,Left,1,3,0,Cutter,StrikeCalled,125,,
23,2026/7/11,8,5,松本宗,Right,中村俊,Left,1,3,1,Splitter,StrikeSwinging,120,,
24,2026/7/11,8,6,松本宗,Right,中村俊,Left,1,3,2,Splitter,BallCalled,124,Walk,
25,2026/7/11,9,1,松本宗,Right,片岡,Left,1,0,0,Fastball,StrikeCalled,131,,
26,2026/7/11,9,2,松本宗,Right,片岡,Left,1,0,1,Slider,FoulBallFieldable,119,,
27,2026/7/11,9,3,松本宗,Right,片岡,Left,1,0,2,Fastball,BallCalled,134,,
28,2026/7/11,9,4,松本宗,Right,片岡,Left,1,1,2,Splitter,StrikeSwinging,116,Strikeout,
29,2026/7/11,1,1,松本宗,Right,渡邊康,Right,2,0,0,Cutter,StrikeCalled,126,,
30,2026/7/11,1,2,松本宗,Right,渡邊康,Right,2,0,1,Cutter,InPlay,127,Out,GroundBall
1,2026/7/11,1,1,中村心,Left,寺尾,Right,0,0,0,Fastball,BallCalled,135,,
2,2026/7/11,1,2,中村心,Left,寺尾,Right,0,1,0,Fastball,FoulBallFieldable,135,,
3,2026/7/11,1,3,中村心,Left,寺尾,Right,0,1,1,Cutter,StrikeSwinging,126,,
4,2026/7/11,1,4,中村心,Left,寺尾,Right,0,1,2,Fastball,BallCalled,143,,
5,2026/7/11,1,5,中村心,Left,寺尾,Right,0,2,2,Fastball,FoulBallFieldable,142,,
6,2026/7/11,1,6,中村心,Left,寺尾,Right,0,2,2,Fastball,BallCalled,144,,
7,2026/7/11,1,7,中村心,Left,寺尾,Right,0,3,2,Cutter,InPlay,130,HomeRun,
8,2026/7/11,2,1,中村心,Left,大越,Right,0,0,0,Cutter,BallCalled,129,,
9,2026/7/11,2,2,中村心,Left,大越,Right,0,1,0,Fastball,BallCalled,138,,
10,2026/7/11,2,3,中村心,Left,大越,Right,0,2,0,ChangeUp,FoulBallFieldable,128,,
11,2026/7/11,2,4,中村心,Left,大越,Right,0,2,1,Fastball,StrikeCalled,139,,
12,2026/7/11,2,5,中村心,Left,大越,Right,0,2,2,Fastball,BallCalled,143,,
13,2026/7/11,2,6,中村心,Left,大越,Right,0,3,2,Fastball,StrikeSwinging,139,Strikeout,
14,2026/7/11,3,1,中村心,Left,三戸,Left,1,0,0,Fastball,BallCalled,,,
15,2026/7/11,3,2,中村心,Left,三戸,Left,1,1,0,Fastball,InPlay,140,Out,GroundBall
16,2026/7/11,4,1,中村心,Left,永田,Right,2,0,0,Cutter,BallCalled,129,,
17,2026/7/11,4,2,中村心,Left,永田,Right,2,1,0,Fastball,StrikeCalled,139,,
18,2026/7/11,4,3,中村心,Left,永田,Right,2,1,1,Cutter,FoulBallFieldable,128,,
19,2026/7/11,4,4,中村心,Left,永田,Right,2,1,2,Fastball,FoulBallFieldable,141,,
20,2026/7/11,4,5,中村心,Left,永田,Right,2,1,2,Fastball,FoulBallFieldable,143,,
21,2026/7/11,4,6,中村心,Left,永田,Right,2,1,2,Slider,StrikeCalled,119,Strikeout,
1,2026/7/11,1,1,松本宗,Right,箭原,Left,0,0,0,Fastball,StrikeCalled,134,,
2,2026/7/11,1,2,松本宗,Right,箭原,Left,0,0,1,Fastball,InPlay,139,Out,GroundBall
3,2026/7/11,2,1,松本宗,Right,井櫻,Left,1,0,0,Fastball,BallCalled,138,,
4,2026/7/11,2,2,松本宗,Right,井櫻,Left,1,1,0,Fastball,BallCalled,137,,
5,2026/7/11,2,3,松本宗,Right,井櫻,Left,1,2,0,Fastball,BallCalled,135,,
6,2026/7/11,2,4,松本宗,Right,井櫻,Left,1,3,0,Fastball,BallCalled,137,Walk,
7,2026/7/11,3,1,松本宗,Right,吉田壮,Left,1,0,0,Fastball,FoulBallFieldable,,,
8,2026/7/11,3,2,松本宗,Right,吉田壮,Left,1,0,1,Slider,BallCalled,,,
9,2026/7/11,3,3,松本宗,Right,吉田壮,Left,1,1,1,Slider,InPlay,115,Out,FlyBall
10,2026/7/11,4,1,松本宗,Right,尾形,Left,2,0,0,Splitter,BallCalled,125,,
11,2026/7/11,4,2,松本宗,Right,尾形,Left,2,1,0,Cutter,BallCalled,123,,
12,2026/7/11,4,3,松本宗,Right,尾形,Left,2,2,0,Fastball,BallCalled,133,,
13,2026/7/11,4,4,松本宗,Right,尾形,Left,2,3,0,Fastball,BallCalled,136,Walk,
1,2026/7/11,1,1,中村心,Left,大平,Right,2,0,0,Cutter,BallCalled,128,,
2,2026/7/11,1,2,中村心,Left,大平,Right,2,1,0,ChangeUp,StrikeCalled,118,,
3,2026/7/11,1,3,中村心,Left,大平,Right,2,1,1,ChangeUp,InPlay,117,Single,GroundBall
4,2026/7/11,2,1,中村心,Left,髙橋海,Right,2,0,0,Fastball,StrikeCalled,132,,
5,2026/7/11,2,2,中村心,Left,髙橋海,Right,2,0,1,Cutter,FoulBallFieldable,129,,
6,2026/7/11,2,3,中村心,Left,髙橋海,Right,2,0,2,Fastball,BallCalled,,,
7,2026/7/11,1,1,中村心,Left,大内,Left,0,0,0,Fastball,BallCalled,137,,
8,2026/7/11,1,2,中村心,Left,大内,Left,0,1,0,Fastball,StrikeSwinging,137,,
9,2026/7/11,1,3,中村心,Left,大内,Left,0,1,1,Fastball,StrikeCalled,,,
10,2026/7/11,1,4,中村心,Left,大内,Left,0,1,2,Fastball,FoulBallFieldable,140,,
11,2026/7/11,1,5,中村心,Left,大内,Left,0,1,2,Fastball,StrikeCalled,,Strikeout,
12,2026/7/11,2,1,中村心,Left,坂口,Right,1,0,0,Fastball,BallCalled,136,,
13,2026/7/11,2,2,中村心,Left,坂口,Right,1,1,0,Cutter,InPlay,126,Out,FlyBall
14,2026/7/11,3,1,中村心,Left,阿部,Left,2,0,0,Slider,BallCalled,,,
15,2026/7/11,3,2,中村心,Left,阿部,Left,2,1,0,Fastball,InPlay,141,Out,GroundBall